<?xml version="1.0" encoding="UTF-8"?>
<!DOCTYPE suite SYSTEM "http://testng.org/testng-1.0.dtd">
<suite name="Tosca Application Test Automation Test Suite">

	<listeners>
		<listener class-name="com.qa.ExtentReportListener.ExtentReporterNG" />
	</listeners>


	<test name="Tosca App Test Cases">
		<classes>
			<class name="com.tosca.qa.testcases.FrontPageTest"></class>
			<class name="com.tosca.qa.testcases.LoginPageTest"></class>
			<class name="com.tosca.qa.testcases.HomePageTest"></class>

		</classes>
	</test>
</suite>